name,nobluray,time
旋涡 WEB-DL版下载/漩涡(台) 2021 Vortex 7.5G,蓝光高清,07-13
独自生活的人们 WEB-DL版下载/Aloners 2021 혼자 사는 사람들 5.5G,电影,07-13
开心汉堡店 4K蓝光原盘下载+高清MKV版/开心汉堡店电影版 / The Bob’s Burgers Movie 2022 Bob’s Burgers: The Movie 54.8G,4K,07-13
海兽猎人 WEB-DL版下载/海兽 / 雅各与海兽 / Jacob and the Sea Beast 2022 The Sea Beast 5.0G,蓝光高清,07-13
牺牲 蓝光原盘下载+高清MKV版/Le sacrifice / The Sacrifice 1986 Offret 30.3G,电影,07-10
奇异博士2：疯狂多元宇宙 4K蓝光原盘下载+高清MKV版 / 斯特兰奇博士2 / 奇异博士2：失控多重宇宙(港/台) / 奇异博士2: 失控多元宇宙(港) / Doctor Strange 2 / Doctor Strange: in the Multiverse of Madness 56.46GB,4K,07-08
"阿依达，你往何处去？ 蓝光高清MKV版/突袭安全区(港) / 阿依达的救援行动(台) / 艾达，怎么了？ / 艾达，你往何处去？ / 阿伊达，你往何处去？ 2020 Quo Vadis, Aida? 10.9G",蓝光高清,07-05
当黑夜降临 蓝光高清MKV版/在夜幕降临前 / 黎明不会来 / 夜晚降临前 / 夜幕降临前 2000 Before Night Falls 8.8G,蓝光高清,07-04
欢迎来到车臣 蓝光高清MKV版/沒有彩虹的國度 (台) 2020 Welcome to Chechnya 6.5G,蓝光高清,06-28
王者之路 WEB-DL版下载/崛起 / Greek Freak / 希腊怪物 2022 Rise 13.3G,蓝光高清,06-28
"祝你好运，里奥·格兰德 蓝光高清MKV版 2022 Good Luck to You, Leo Grande 5.2G",蓝光高清,06-20
杰瑞和玛姬生活阔绰 蓝光高清MKV版/杰瑞与玛吉极致享乐 2022 Jerry and Marge Go Large 14.3G,蓝光高清,06-20
恰恰丝滑 蓝光高清MKV版/恰恰真滑 2022 Cha Cha Real Smooth 19.4G,蓝光高清,06-20
天才不能承受之重 4K原盘下载+高清MKV版/超重天才 / 超吉任务(台) / 丧尽癫才(港) / 天才无法承受之重 / 不能承受的天才之重 2022 The Unbearable Weight of Massive Talent 77.6G,4K,06-18
迷失的莱昂纳多 蓝光高清MKV版/迷途的画作 / 迷失的列昂纳多 2021 The Lost Leonardo 9.1G,蓝光高清,06-18
渔港的肉子酱 蓝光高清MKV版/渔港的肉子 / Fortune Favors Lady Nikuko 2021 漁港の肉子ちゃん 6.5G,蓝光高清,06-18
唐顿庄园2 蓝光原盘下载+蓝光高清MKV版/唐顿庄园：全新世代(港/台) / 唐顿庄园电影版2 / 唐顿庄园2：新时代 / 唐顿庄园2：新纪元 / Downton Abbey 2 2022 Downton Abbey: A New Era 45.2G,电影,06-13
公爵 蓝光高清MKV版 2020 The Duke 7.3G,蓝光高清,06-13
小说家的电影 WEB-DL版下载/The Novelist’s Film / So-seol-ga-ui Yeong-hwa 2022 소설가의 영화 5.3G,蓝光高清,06-11
女生们 WEB-DL版下载/女学生 / The Girls / Schoolgirls 2020 Las niñas 6.3G,蓝光高清,06-11
蜂箱 WEB-DL版下载/红椒酱的滋味(台) 2021 Hive 5.0G,蓝光高清,06-11
童年往事 蓝光高清MKV版/The Time to Live and the Time to Die / A Time to Live and a Time to Die / 生死同代 1985 童年往事 12.8G,蓝光高清,06-07
智齿 WEB-DL版下载/Limbo 2021 智齒 5.0G,蓝光高清,06-05
Tinder 诈骗王 蓝光高清MKV版/Tinder 大骗徒 2022 The Tinder Swindler 3.6G,蓝光高清,06-03
大象 蓝光高清MKV版 2003 Elephant 8.0G,蓝光高清,02-20
一次邂逅 蓝光高清MKV版/爱在法国巧遇时(台) / 某种相遇 / 邂遇 / 偶遇 / 量子之恋 / Quantum Love 2014 Une rencontre 9.8G,蓝光高清,02-19
惊声尖叫5 WEB-DL版下载/夺命狂呼(港) / 惊声尖叫(台) / 新版惊声尖叫 / 新惊声尖叫 / Scream 5 2022 Scream 6.1G,蓝光高清,02-19
好老板 WEB-DL版下载/The Good Boss 2021 El buen patrón 5.6G,蓝光高清,02-19
初恋红豆冰 蓝光原盘下载+高清MKV版/Ice Kacang Puppy Love 2010 初恋红豆冰 21.4G,电影,02-18
美味奇缘 WEB-DL版下载 2021 Délicieux 4.6G,蓝光高清,02-17
纪念品：第二部分 WEB-DL版下载 2021 The Souvenir: Part II 7.8G,蓝光高清,02-16
壮志凌云 4K蓝光原盘下载+高清MKV版/ 壮志凌云 3D / 捍卫战士(台) 1989 Top Gun 61.7GB,4K,02-15
塞尔玛 蓝光原盘下载+高清MKV版/马丁·路德·金-梦想之路(港) / 逐梦大道(台) / 塞尔玛游行 2014 Selma 45.2G,电影,02-15
东京复仇者 蓝光高清MKV版/Tokyo Revengers / 東京卍リベンジャーズ 2021 東京リベンジャーズ 9.8G,蓝光高清,02-15
驾驶我的车 蓝光原盘下载+高清MKV版/在车上(台) / Drive My Car 2021 ドライブ・マイ・カー 45.8G,电影,02-13
何处是我朋友的家 蓝光高清MKV版/踏破铁鞋无觅处(港) / Where Is the Friend's Home? / Khane-ye doust kodjast? 1987 خانه دوست کجاست؟‎ 5.5G,蓝光高清,02-11
平行母亲 WEB-DL版下载/Parallel Mothers 2021 Madres paralelas 8.6G,蓝光高清,02-11
扬名立万 WEB-DL版下载/一部电影的诞生 / Be Somebody 2021 扬名立万 5.3G,蓝光高清,02-11
我是拳王阿里 蓝光原盘下载+高清MKV版 2014 I Am Ali 35.8G,电影,02-09
玫瑰岛的不可思议的历史 WEB-DL版下载/玫瑰岛 / Rose Island 2020 L'incredibile storia dell'isola delle rose 4.0G,蓝光高清,02-08
美国草根：库尔特·华纳的故事 蓝光高清MKV版/美国逆袭者 / 美国草根 / American Underdog 2021 American Underdog: The Kurt Warner Story 16.7G,蓝光高清,02-07
货架之间 蓝光高清MKV版/超市情缘(港) / 卖场华尔兹(台) / 在走廊里 / 过道上 / In the Aisles 2018 In den Gängen 8.8G,蓝光高清,02-04
千年女优 4K蓝光原盘下载+高清MKV版/Millennium Actress 2001 千年女優 24.7G,4K,02-04
音范丝极品蓝光收藏影单：2021年度精选系列,影单,02-04
血腥地狱 蓝光高清MKV版 2020 Bloody Hell 10.4G,蓝光高清,02-03
浊水漂流 蓝光高清版下载 /濁水漂流 2021 Drifting 11.0GB,蓝光高清,02-02
私人荒漠 WEB-DL版下载/Private Desert 2021 Deserto particular 5.1G,蓝光高清,02-02
网诱惊魂 蓝光高清MKV版/网诱危机 / 网络危机 / 人心简介 / 简介 / 账户 2018 Profile 7.8G,蓝光高清,02-01
在你面前 WEB-DL版下载/In Front of Your Face 2021 당신얼굴 앞에서 4.9G,蓝光高清,01-15
偶然与想象 蓝光高清MKV版/偶然与想象之轮(港) / 命运与幻想之轮 / Wheel of Fortune and Fantasy 2021 偶然と想像 11.8G,蓝光高清,01-14
追捕聂鲁达 蓝光高清MKV版/流亡诗人聂鲁达(港) / 追缉聂鲁达(台) 2016 Neruda 7.9G,蓝光高清,01-13
Soho区惊魂夜 蓝光原盘下载+高清MKV版/苏豪的最后一夜(港) / 迷离夜苏活(台) 2021 Last Night in Soho 20.5G,电影,01-11
伊丽莎白不见了 WEB-DL版下载 2019 Elizabeth is Missing 5.2G,蓝光高清,01-10
黑色面包 蓝光高清MKV版/黑面包 / Black Bread / Pan Negro 2010 Pa negre 10.9G,蓝光高清,01-09
热血街区电影版：极恶王 蓝光高清MKV版/热血街区电影版：鬼邪高vs凤仙 / High & Low: The Worst 2019 HiGH&LOW THE WORST 11.0G,蓝光高清,01-09
再见列宁 蓝光高清MKV版/快乐的谎言(港) / 再见，列宁！(台) / 民主德国在79平方米房间里的延续 / Goodbye Lenin! 2003 Good Bye Lenin! 14.5G,蓝光高清,01-08
迈阿密的一夜 4K蓝光高清MKV版 2020 One Night in Miami... 12.4G,4K,01-08
欢乐好声音2 蓝光高清MKV版/星梦动物园2(港) 2021 Sing 2 19.4G,蓝光高清,01-08
沙丘 4K蓝光原盘+3D+高清MKV版/沙丘瀚战(港) 2021 Dune 90.65G,3D资源,01-07
超能敢死队 蓝光高清MKV版/捉鬼敢死队：魅来世界(港) / 魔鬼克星 未来世(台) / 捉鬼敢死队：来世 / 捉鬼敢死队：来生 / 新捉鬼敢死队 / 捉鬼敢死队3 / 锈蚀之城 / Ghostbusters 2020 / Rust City 2021 Ghostbusters: Afterlife 13.1G,蓝光高清,01-06
哈利·波特20周年：回到霍格沃茨 蓝光高清MKV版/哈利·波特20周年特辑：重返霍格沃茨 2022 Harry Potter 20th Anniversary: Return to Hogwarts 6.2G,纪录片,01-05
造物弄人 蓝光原盘下载+高清MKV版/ 创生 / 创造 / 达尔文传 2009 Creation 15.6G,电影,01-04
"四月三周两天 蓝光高清MKV版/4月3周2日：堕胎日记(港) / 4月3周又2天(台) / 堕胎日记 / 悲观主义的花朵 / 短暂的一天 / 4 Months, 3 Weeks and 2 Days 2007 4 luni, 3 săptămâni și 2 zile 6.1G",蓝光高清,01-02
航运新闻 蓝光原盘下载+高清MKV版/真情快递 / 笔下有晴天 / 梦魇浮生 / 船讯 / 航讯 2001 The Shipping News 35.1G,电影,01-02
长津湖 WEB-DL版下载/The Battle at Lake Changjin / 冰雪长津湖 / 抗美援朝 / 长津湖之战 / Battle of Chosin Reservior 2021 长津湖 19.6G,蓝光高清,01-02
无辜者 蓝光高清MKV版/The Innocents 2021 De uskyldige 15.5G,蓝光高清,12-31
弥撒 WEB-DL版下载 2021 Mass 6.2G,蓝光高清,12-31
得买新鞋了 蓝光原盘下载+高清MKV版/巴黎恋爱写真(港) / 巴黎鞋缘 / 得买新鞋啦 / I Have to Buy New Shoes 2012 新しい靴を買わなくちゃ 22.6G,电影,12-30
国王的选择 蓝光高清MKV版/国王的抉择(台) / The King's Choice 2016 Kongens Nei 11.8G,蓝光高清,12-29
不要抬头 4K-WEBDL版/千万别抬头 / 别往天上看 2021 Don’t  Look Up 16.0G,电影,12-26
离婚不分手 蓝光原盘下载+高清MKV版/分手再爱你(港) / 真爱Hold不住?!(台) / 永远的莎莉丝特和杰西 / 希勒斯特与杰西 / 离婚男女 2012 Celeste and Jesse Forever 28.6G,电影,12-24
呼朋引伴 WEB-DL版下载/C'mon C'mon 2021 C'mon C'mon 19.2G,蓝光高清,12-23
伊万的童年 蓝光原盘下载+高清MKV版/伊凡的少年时代(台) / 伊凡的童年 / 伊凡的童年时代 / Ivanovo detstvo / Ivan's Childhood 1962 Иваново детство 40.2G,电影,04-11
流浪者：一部关于安东尼·波登的电影 蓝光高清MKV版 2021 Roadrunner: A Film About Anthony Bourdain 12.2G,蓝光高清,04-11
誓不低头 蓝光高清MKV版/套装 2022 The Outfit 11.2G,蓝光高清,04-07
电影史话：新生代 蓝光高清MKV版 2021 The Story of Film: A New Generation 15.1G,蓝光高清,04-07
舞台春秋 蓝光原盘下载+高清MKV版/舞台春秋 1952 Limelight 19.6G,电影,04-07
蠢蛋搞怪到永远 蓝光高清MKV版/新蠢蛋搞怪秀 / 无理取闹4 / Jackass 4 2022 Jackass Forever 16.6G,蓝光高清,04-04
龙和雀斑公主 蓝光高清MKV版/龙与雀斑公主(港/台) / Belle / Belle: The Princess of Dragons and Freckles / Ryû to sobakasu no hime 2021 竜とそばかすの姫 9.3G,蓝光高清,04-02
幻灭 蓝光高清MKV版/巴黎梦想家(台) / 人间喜剧 / La Comédie humaine / Lost Illusions 2021 Illusions perdues 11.3G,蓝光高清,04-01
凡尔杜先生 蓝光原盘下载+高清MKV版/华度先生 / 杀人狂时代 / 杀人的喜剧 / 杀人喜剧 / A Comedy of Murders / The Ladykiller 1947 Monsieur Verdoux 21.1G,电影,03-31
陆上行舟 蓝光高清MKV版/菲茨卡拉多 1982 Fitzcarraldo 13.1G,蓝光高清,03-31
朱莉娅 WEB-DL版下载 2021 Julia 6.0G,蓝光高清,03-31
奥利维亚·罗德里戈：情歌少女 WEB-DL版下载/Olivia Rodrigo：情歌少女(台) 2022 Olivia Rodrigo: driving home 2 u 12.8G,蓝光高清,03-29
狙击手 WEB-DL版下载/Snipers / 最冷的枪 2022 狙击手 4.5G,蓝光高清,03-28
夺命剑 WEB-DL版下载/叛逆 / Samurai Rebellion / Rebellion: Receive the Wife 1967 上意討ち 拝領妻始末 6.8G,蓝光高清,03-28
快停下，泽米莉亚 蓝光高清MKV版/Stop-Zemlia 2021 Стоп-Земля 16.0G,蓝光高清,03-26
拥抱小熊猫：青春变形记背后的故事 WEB-DL版下载/拥抱熊猫：青春变形记幕后 2022 Embrace the Panda: Making Turning Red 5.5G,蓝光高清,03-26
一江春水 WEB-DL版下载/River of Salvation 2020 一江春水 3.2G,蓝光高清,03-23
特征可识别 蓝光高清MKV版/Identifying Features 2020 Sin Señas Particulares 6.0G,蓝光高清,03-22
忠犬 蓝光高清MKV版/逍遥上路(台) 2022 Dog 14.7G,蓝光高清,03-21
男人与他的海 蓝光高清MKV版/Whale Island 2020 男人與他的海 11.0G,蓝光高清,03-21
教父 4K蓝光原盘下载+高清MKV版/教父1/1972 The Godfather 96.3GB,4K,03-20
教父2 4K蓝光原盘下载+高清MKV版/教父续集/教父II / 1974 The Godfather: Part Ⅱ 91.3G,4K,03-20
教父3 4K蓝光原盘下载+高清MKV版/教父第三集/教父 III 1990 The Godfather: Part III 89.9G,4K,03-20
玉面情魔 4K蓝光原盘下载+蓝光高清MKV版/噩梦巷 / 夜路(台) 2021  Nightmare Alley 41.1G,4K,03-19
登山家 蓝光高清MKV版 2021 The Alpinist 10.8G,蓝光高清,03-18
热带离魂 WEB-DL版下载/我与布鲁塞尔的距离(港) / 热带鬼影 / Atograzu vaiduoklis 2019 Ghost Tropic 5.5G,蓝光高清,03-18
蜘蛛侠：英雄无归 4K蓝光原盘下载+高清MKV版/新蜘蛛侠3 / 蜘蛛侠：无回之战 / 蜘蛛侠：不战无归(港) / 蜘蛛人：无家日(台) / 蜘蛛侠3：英雄末路 / 蜘蛛侠3：无家可归 / Spider-Man 3 / Spider-Man: Phone Home / Spider-Man: Home-Wrecker / Spider-Man: Home Slice 2021 Spider-Man: No Way Home 61.5G,4K,03-16
天佑鲍比 蓝光原盘下载+高清MKV版/为鲍比的祈祷 / 为巴比祈祷 2009 Prayers for Bobby 17.1G,电影,03-15
青春变形记 蓝光高清MKV版/熊抱青春记(港) / 青春养成记(台) / 变红 2022 Turning Red 16.8G,蓝光高清,03-13
奔腾年代 蓝光原盘下载+高清MKV版/壮志奔腾(港) / 奔腾岁月 2003 Seabiscuit 28.6G,电影,03-12
美国女孩 WEB-DL版下载/American Girl 2021 美國女孩 3.5G,蓝光高清,03-12
金色池塘 蓝光高清MKV版/La maison du lac / Am goldenen See 1981 On Golden Pond 7.6G,蓝光高清,03-11
西区故事 蓝光原盘下载+高清MKV版/西城故事(港/台) 2021 West Side Story 44.1G,电影,03-10
小妈妈 蓝光高清MKV版/童心奇緣(港) / Lille mamma / Mała mama 2021 Petite maman 4.2G,蓝光高清,03-08
杨之后 WEB-DL版下载/向杨说再见 2021 After Yang 13.9G,蓝光高清,03-07
露西尔与戴斯 蓝光高清MKV版 2022 Lucy & Desi 10.8G,蓝光高清,03-07
横道世之介 蓝光原盘下载+高清MKV版/那年遇上世之介(港) / A Story of Yonosuke 2013 横道世之介 44.3G,电影,03-07
五月之后 蓝光高清MKV版/五月风暴(台) / 空中之物 / After May / Something in the Air 2012 Après Mai 8.7G,蓝光高清,03-06
超越无限两分钟 蓝光高清MKV版/Droste no hate de bokura / Beyond The Infinite Two Minutes 2020 ドロステのはてで僕ら 7.0G,蓝光高清,03-06
倒霉性爱，发狂黄片 蓝光高清MKV版/Sleepwalkers / Bad Luck Banging or Loony Porn / 倒楣性爱和疯狂Ａ片(台) / 行衰运色情电影(港) 2021 Babardeală cu bucluc sau porno balamuc 10.2G,蓝光高清,03-05
黑匣子 4K蓝光原盘下载+高清MKV版/黑盒线索(台) / Black Box 2020 Boîte noire 30.5G,4K,03-05
"小野田的丛林万夜 蓝光高清MKV版/10000 Nights in the Jungle / ONODA 一万夜を越えて 2021 Onoda, 10 000 Nights in the Jungle 11.4G",蓝光高清,03-05
[顶级预告片]新蝙蝠侠/又名: 蝙蝠侠 / 重启版蝙蝠侠 The Batman 2022-03-18 全国公映,顶级预告,03-04
面子 WEB-DL版下载/爱·面子 2004 Saving Face 8.6G,蓝光高清,03-03
音范丝影单 | 第94届奥斯卡金像奖 (2022)提名影片，附资源链接。,影单,03-02
古驰家族 蓝光原盘下载+高清MKV版/GUCCI名门望族(港) / Gucci：豪门谋杀案(台) / 古驰之家 / 古驰王朝 / 古琦 / Gucci 2021 House of Gucci 44.7G,电影,03-01
塔米·菲的眼睛 蓝光原盘下载+高清MKV版/神圣电视台(台) 2021 The Eyes of Tammy Faye 45.5G,电影,03-01
美好的四天 蓝光原盘下载+高清MKV版/美妙四日 / 四个好日子 2020 Four Good Days 22.6G,电影,03-01
歌厅 蓝光原盘下载+高清MKV版 / 酒吧间 / 酒店 1972 Cabaret 44.8G,电影,02-01
永恒族 4K蓝光原盘下载+高清MKV版/永恒神族/2021 The Eternals 58.7GB,4K,01-30
逃走的女人 蓝光高清MKV版/出走的女人(港) / 逃亡的女人 / 逃跑的女人 / 奔跑的女人 / The Woman Who Ran / Domangchin Yeoja 2020 도망친 여자 7.5G,蓝光高清,01-29
爱情的尸检报告 蓝光高清MKV版/爱的后体验(台) / 爱的死后报告 / प्यार का पंचनामा 2011 Pyaar Ka Punchnama 3.2G,蓝光高清,01-28
命运规划局 蓝光原盘下载+高清MKV版/联邦检察局 / 天网逆缘(港) / 联邦调查局 / 调整局 2011 The Adjustment Bureau 44.2G,电影,01-28
不良后果 WEB-DL版下载 2021 The Fallout 12.5G,蓝光高清,01-28
罗塞塔 蓝光高清MKV版/美丽罗赛塔(台) / 美丽萝赛塔 / 露茜妲 1999 Rosetta 7.6G,蓝光高清,01-27
华氏9/11 WEB-DL版下载/华氏九一一 / 华氏911 2004 Fahrenheit 9/11 4.7G,蓝光高清,01-27
"你瞧，网络世界的幻想 蓝光高清MKV版/网路世界的幻想(台) 2016 Lo and Behold, Reveries of the Connected World 6.6G",蓝光高清,01-25
世界上最糟糕的人 蓝光高清MKV版/尤利娅生命的十二段律动 / 世界上最坏的人 / Julie (en 12 chapitres) / The Worst Person in the World 2021 Verdens verste menneske 14.6G,蓝光高清,01-25
乡愁 蓝光高清MKV版/怀乡 / Nostalghia / Nostalgia 1983 Ностальгия 11.7G,蓝光高清,01-24
一个英雄 4K蓝光高清MKV版/A Hero 2021 13.9G قهرمان,4K,01-23
记忆 WEB-DL版下载 2021 Memoria 6.1G,电影,01-23
黑夜传说 4K蓝光原盘下载+高清MKV版/妖夜寻狼(港) / 决战异世界(台) 2003 Underworld 83.2G,4K,01-22
彩虹照耀 蓝光高清MKV版 2009 A Shine of Rainbows 6.6G,蓝光高清,01-22
柜中野兽 蓝光原盘下载+高清MKV版/爱人怪物(台) / 柜中怪兽 2015 Closet Monster 23.1G,电影,01-22
火线狙击 4K蓝光高清MKV版/火线大行动(台) / 火线追击 / 火线 1993 In the Line of Fire 86.9G,4K,01-19
一日钟情 蓝光原盘下载+高清MKV版/美好的一天 / 爱情吉日 1996 One Fine Day 32.0G,电影,01-19
曲线难题 蓝光原盘下载+高清MKV版/人生决胜球(港/台) 2012 Trouble with the Curve 22.8G,电影,01-19
发掘 蓝光高清MKV版/考古夺宝(港) / 古宝 / 挖掘 2021 The Dig 4.6G,蓝光高清,01-19
公主日记 4K蓝光高清MKV版/走佬俏公主(港) / 麻雀变公主(台) 2001 The Princess Diaries 24.7G,4K,01-18
为了她 蓝光高清MKV版/为爱，赎命(台) / 一切为了她 / Anything for Her 2008 Pour elle 8.7G,蓝光高清,01-16
暗处的女儿 蓝光高清MKV版/失去的女儿(港/台) / 失踪的女儿 / 迷失的女儿 2021 The Lost Daughter 6.3G,蓝光高清,01-16
杰伊·比姆 WEB-DL版下载/万岁毕姆 / 斗争万岁 2021 Jai Bhim 17.8G,蓝光高清,01-16
里卡多一家 4KWEB-DL下载+高清MKV版/露西尔与戴西 / Lucy and Desi 2021 Being the Ricardos 14.0G,蓝光高清,03-01
黑白魔女库伊拉 蓝光原盘下载+高清MKV版/库伊拉 / 黑白魔后(港) / 时尚恶女：库伊拉(台) / 黑白魔女 / 《101忠狗》真人前传 / 库伊拉·德维尔 / Cruella de Vil 2021 Cruella 25.49G,电影,03-01
甘草披萨 WEB-DL版下载/甘草比萨 / 湿底 / Soggy Bottom / The Night of Counting the Years 2021 Licorice Pizza 6.5G,蓝光高清,03-01
犬之力 蓝光高清MKV版/犬山记 2021 The Power of the Dog 5.8G,蓝光高清,03-01
圣母 4K蓝光原盘下载+蓝光高清MKV版/圣欲(港/台) / 圣母玛利亚 / 贝内黛塔 / Sainte Vierge / Blessed Virgin 2021 Benedetta 59G,4K,02-28
音范丝影单|近30年戛纳国际电影节金棕榈奖获奖影片（第45届至第74届 1992-2021 ）蓝光资源！！,影单,02-28
味园Universe 蓝光高清MKV版/极道好声音(台) / La La La Rock 到底 (港) / La La La at Rock Bottom / Misono Universe 2015 味園ユニバース 9.9G,蓝光高清,02-27
斯宾塞 WEB-DL版下载/斯潘塞 / 黛妃(台) / 史宾沙(港) / 史宾赛(台) 2021 Spencer 19.9G,蓝光高清,02-27
白奶牛之歌 WEB-DL版下载/قصیده گاو سفید / Ghasideh Gave Sefid 2020 Ballad of a White Cow 6.6G,蓝光高清,02-27
空白 蓝光高清MKV版/Blank / Intolerance 2021 空白 9.7G,蓝光高清,02-27
神之山岭 蓝光高清MKV版/The Summit of the Gods 2021 Le Sommet Des Dieux 6.5G,蓝光高清,02-27
地下 蓝光原盘下载+高清MKV版/地下社会(台) / 没有天空的都市 / Underground 1995 Подземље 21.2G,电影,02-27
秘密与谎言 蓝光高清MKV版 1996 Secrets & Lies 9.8G,蓝光高清,02-27
麦克白的悲剧 蓝光高清MKV版/Macbeth 2021 The Tragedy of Macbeth 18.0G,蓝光高清,02-26
魔法满屋 4K蓝光原盘下载+高清MKV版/奇幻魔法屋(港) / 音乐的魔法 2021 Encanto 59.0G,4K,02-25
三个月 蓝光高清MKV版/忐忑三月期 2022 Three Months 7.0G,蓝光高清,02-24
手卷烟 蓝光高清MKV版/Winston / Hand Rolled Cigarette 2020 手捲煙 12.0G,蓝光高清,02-24
巴赫曼先生和他的学生 WEB-DL版下载/巴赫曼先生和他的班级 / Mr. Bachmann and His Class 2021 Herr Bachmann und seine Klasse 9.8G,蓝光高清,02-24
迷失1971 蓝光原盘下载+高清MKV版/71暴乱夜(港/台) / 71年 2014 '71 40.2G,电影,02-24
"宁静的热情  蓝光原盘下载+高清MKV版/爱美丽的今生(港) / Emily Dickinson, a Quiet Passion 2016 A Quiet Passion 40.0G",电影,02-22
记忆之夜 蓝光原盘下载+高清MKV版/Forgotten 2017 기억의 밤 41.6G,电影,02-22
风吹麦浪 WEB-DL版下载/吹动大麦的风(台) / 风吹稻浪 2006 The Wind That Shakes the Barley 9.2G,蓝光高清,02-21
[顶级预告]奇异博士2：疯狂多元宇宙/ 斯特兰奇博士2 / 奇异博士2：失控多重宇宙(港/台) / 奇异博士2: 失控多元宇宙(港) / Doctor Strange 2 / Doctor Strange: in the Multiverse of Madness 2022-05-06 美国上映,顶级预告,02-20
西班牙女佣 蓝光原盘下载+高清MKV版/真情快译通(台) / 拉丁英语 / 欢喜冤家 / 求恋家庭 2004 Spanglish 23.3G,电影,02-20
伴你高飞 蓝光原盘下载+高清MKV版/返家十万里 / 飞向故乡 / 回南 1996 Fly Away Home 22.4G,电影,06-01
纳瓦尔尼 蓝光高清MKV版/逆权斗士纳瓦尔尼 2022 Navalny 5.9G,蓝光高清,05-31
[预告片]碟中谍7：致命清算（上）/ 不可能的任务：致命清算 第一章(台) / 职业特工队：死亡清算上集(港) / Mission: Impossible – Dead Reckoning Part One -2023-07-14 美国上映,电影,05-27
替身演员 4K蓝光高清MKV版/替身演员 美国版 / 替身 / 幕前情人 2022 The Valet 14.3G,蓝光高清,05-25
奇奇与蒂蒂：救援突击队 WEB-DL版下载/救难小福星(台) 2022 Chip 'n' Dale: Rescue Rangers 11.6G,蓝光高清,05-23
坏蛋联盟 蓝光原盘下载+高清MKV版/大坏蛋 / 坏家伙 / Bad Guys 2022 The Bad Guys 40.8G,电影,05-23
新蝙蝠侠 4K蓝光原盘下载+高清MKV版/蝙蝠侠(港/台) / 重启版蝙蝠侠 2022 The Batman90.7G,4K,05-21
瞬息全宇宙 WEB-DL版下载/妈的多重宇宙(台) / 奇异女侠玩救宇宙(港) / 天马行空(新加坡) / 瞬息各处所有 / 全部世界同时一切 2022 Everything Everywhere All at Once 6.4G,蓝光高清,05-19
好好拍电影 蓝光高清MKV版/Keep Rolling 2020 好好拍電影 5.3G,蓝光高清,05-15
北欧人 蓝光高清MKV版/北方人(台) 2022 The Northman 24.3G,蓝光高清,05-13
甘古拜·卡蒂娅瓦迪 蓝光高清MKV版/甘古拜·卡蒂亚瓦迪 2022 Gangubai Kathiawadi 4.5G,蓝光高清,05-12
跳出我天地 蓝光原盘下载+高清MKV版/舞动人生(港/台) / 芭蕾之梦 / 比利·艾略特 / 穷人的孩子爱芭蕾 2000 Billy Elliot 27.9G,电影,05-11
雅穆克围城日记 WEB-DL版下载/Our Little Palestine 2021 Little Palestine (Diary of a Siege) 3.3G,蓝光高清,05-09
火之夜 WEB-DL版下载/Night of Fire / Prayers for the Stolen / 被偷走的女孩(台) 2021 Noche de fuego 6.8G,蓝光高清,05-06
音魂掠影 蓝光高清MKV版/50年一瞬间的魔幻时刻 / The Glance of Music / Lo sguardo della musica / 50年一瞬的魔幻时刻 / Ennio 2021 Ennio: The Maestro 7.7G,蓝光高清,05-05
你将不再孤单 WEB-DL版下载 2022 You Won't Be Alone 19.1G,蓝光高清,05-03
安妮+ 蓝光高清MKV版/Anne+: The Film 2021 Anne+ 4.9G,蓝光高清,05-03
再会 WEB-DL版下载 2021 See You Then 3.6G,蓝光高清,05-01
北极熊 WEB-DL版下载 2022 Polar Bear 13.6G,蓝光高清,04-27
探险家：最后的特普伊山 WEB-DL版下载/探险家：攀登平顶山(台) 2022 Explorer: The Last Tepui 6.4G,蓝光高清,04-27
布莱恩·约翰逊：漫长的承诺之路 蓝光原盘下载+高清MKV版 2021 Brian Wilson: Long Promised Road 29.1G,电影,04-23
"奥林匹亚街区 蓝光高清MKV版/巴黎13区 / Paris, 13th District / 慾巴黎十三區 2021 Les Olympiades 7.7G",蓝光高清,04-23
逃亡 蓝光高清MKV版/逃不出的记忆 / 无处安心(港) / Flee 2021 Flugt 6.3G,蓝光高清,04-22
活在当下 WEB-DL版下载/Carpe Diem / Zero Fucks Given / 空姐没有昨天(台) 2021 Rien à foutre 6.9G,蓝光高清,04-13
黑客帝国：矩阵重启 4K高清MKV版/黑客帝国4：矩阵重生 / 骇客帝国4 / 骇客任务：复活(台) / 22世纪杀人网络：复活次元(港) / 骇客任务4 / 黑客帝国：复兴 2021 The Matrix Resurrections 19.3G,4K,12-23
天鹅挽歌 4K蓝光高清MKV版/天鹅之歌 / 最后绝唱 2021 Swan Song 19.3G,4K,12-22
泽西男孩 蓝光原盘下载+高清MKV版/纽泽西男孩 2014 Jersey Boys 26.6G,电影,12-20
女教皇 蓝光原盘下载+高清MKV版/圣袍天下：惊世女教皇(台) / 女教皇传(港) / Pope Joan 2009 Die Päpstin 24.3G,电影,12-19
江湖浪子 蓝光原盘下载+高清MKV版/Robert Rossen's The Hustler 1961 The Hustler 41.3G,电影,12-18
"法兰西特派 蓝光原盘下载+高清MKV版/法兰西诸事周报(港) / 法式派遣 / 法国派遣 / 法兰西派遣 / The French Dispatch of the Liberty, Kansas Evening Sun / 法兰西特派周报(台) 2021 The French Dispatch 21.2G",电影,12-16
美丽坏东西 蓝光原盘下载+高清MKV版/天使夜惊情 / 肮脏甜蜜的事 2002 Dirty Pretty Things 20.2G,电影,12-15
上帝之手 WEB-DL版下载/上帝之手与我 / The Hand of God 2021 È stata la mano di Dio 4.0G,蓝光高清,12-15
不可饶恕 蓝光高清MKV版/无赦 2021 The Unforgivable 5.1G,蓝光高清,12-15
漫长的告别 蓝光高清MKV版/甜咖喱之味(港) / A Long Goodbye / The Long Good-Bye 2019 長いお別れ 8.0G,蓝光高清,12-15
布鲁姆兄弟 蓝光原盘下载+高清MKV版/Penelope / 骗行无阻 / 骗骗喜欢你 2008 The Brothers Bloom 26.7G,电影,12-14
狼狈 蓝光原盘下载+高清MKV版/恶女罗曼死(台) / 整容天后(港) / Helter Skelter 2012 ヘルタースケルター 36.7G,电影,12-12
十月围城 蓝光原盘下载+高清MKV版/Bodyguards and Assassins 2009 十月围城 44.6G,电影,12-12
"战场上的快乐圣诞 蓝光原盘下载+高清MKV版/俘虏(台) / 圣诞快乐，劳伦斯先生 / Merry Christmas, Mr. Lawrence / 戦場のメリークリスマス 1983 Merry Christmas Mr. Lawrence 22.8G",电影,12-11
天赐灵机 蓝光高清MKV版/罗恩失灵了 / 失灵脑朋友(港) / 天兵阿荣(台) 2021 Ron's Gone Wrong 11.4G,蓝光高清,12-10
最后的决斗 蓝光原盘下载+高清MKV版/最后的对决 / 终极决斗 / 最後絕鬥(港) 2021 The Last Duel 56.5G,电影,12-06
我亲爱的表哥 蓝光高清MKV版/我亲爱的表兄 / Cousins 2019 Primos 7.8G,蓝光高清,12-05
另一个波琳家的女孩 蓝光原盘下载+高清MKV版/鸠占鹊巢 / 美人心机 / 华丽孽缘 / 王室双姝 2008 The Other Boleyn Girl 40.1G,电影,12-04
冲动 蓝光高清MKV版/浪涌 2020 Surge 13.0G,蓝光高清,12-04
贝尔法斯特 蓝光原盘下载+高清MKV版/Belfaste 2021 Belfast 36.7G,电影,12-04
[顶级预告片] 黑客帝国4：矩阵重生 /骇客任务：复活(台) / 22世纪杀人网络：复活次元(港) / 骇客任务4 / 黑客帝国：复兴 The Matrix Resurrections 2021-12-22 美国上映,顶级预告,12-01
第八页 蓝光原盘下载+高清MKV版 2011 Page Eight 21.1G,电影,11-30
回火 4K蓝光原盘下载+高清MKV版/烈火雄心(港) / 浴火赤子情(台) 1991 Backdraft 54.5G,4K,11-29
内特拉姆 蓝光高清MKV版/恶的序章(台) 2021 Nitram 11.8G,蓝光高清,11-28
姐弟的夏夜 WEB-DL版下载/家庭的夏日夜晚 / 姐弟的夏天 / Moving On 2019 남매의 여름밤 5.2G,蓝光高清,10-12
失控玩家 4K蓝光原盘下载+高清MKV版/分身人/爆机自由仁(港)/脱稿玩家(台)/自由之人/自由人 2021 Free Guy 57.6G,4K,10-12
蝙蝠侠归来 4K蓝光原盘下载+高清MKV版/蝙蝠侠2 / 蝙蝠侠再战风云(港) / 蝙蝠侠大显神威(台) / 蝙蝠侠重现江湖 / 蝙蝠侠2：蝙蝠侠归来 1992 Batman Returns 75.2G,4K,10-11
寂静之地2 4K蓝光原盘下载+高清MKV版/A Quiet Place 2/噤界II(台)/无声绝境II(港) 2021 A Quiet Place: Part II 55GB,4K,10-10
200米 WEB-DL版下载 2020 Meters 6.1G,蓝光高清,10-09
盛夏未来 WEB-DL版下载/世纪末的未来 / 未来的未来 / Upcoming Summer 2021 盛夏未来 5.7G,蓝光高清,10-09
蓝色海湾 WEB-DL版下载/蓝色港湾 2021 Blue Bayou 20.7G,蓝光高清,10-09
"男人女人和孩子 蓝光原盘下载+高清MKV版/云端男女(台) / 大人小孩 / Pale Blue Dot 2014 Men, Women & Children 38.8G",电影,10-08
在一起 WEB-DL版下载 2021 Together 9.5G,蓝光高清,10-05
阅后即焚 蓝光高清MKV版/CIA光碟离奇失窃案(港) / 即刻毁灭(台) 2008 Burn After Reading 12.2G,蓝光高清,10-04
我的影子在奔跑 WEB-DL版下载/我不是傻瓜 / My Running Shadow 2013 我的影子在奔跑 11.4G,蓝光高清,10-04
情欲写真 蓝光原盘下载+高清MKV版/忠贞 / Fidelity 2000 La fidélité 30.6G,电影,09-29
悬崖之上 蓝光高清MKV版/Impasse / Cliff Walkers 2021 悬崖之上 12.3G,电影,09-29
失眠症 蓝光原盘下载+高清MKV版/白夜追凶(港) / 针锋相对(台) / 致命对抗 2002 Insomnia 46.5G,电影,09-28
野草莓 蓝光原盘下载+高清MKV版/Wild Strawberries 1957 Smultronstället 16.1G,电影,09-24
肖申克的救赎 4K蓝光原盘+高清MKV版/月黑高飞(港)/刺激1995(台)/地狱诺言/消香克的救赎/1994 The Shawshank Redemption 58.0G,4K,09-22
亲亲老爸 蓝光原盘下载+高清MKV版/老爸行不行(台) / 真的恋错了(港) / 三个新娘一个老爸 / 丹的真实生活 2007 Dan in Real Life 27.6G,电影,09-21
致命感应 WEB-DL版下载 /Malignant Man/恶性/恶毒/恶煞(港)/疾厄(台)/肿瘤/肿瘤侠 2021 Malignant 14.2G,蓝光高清,09-21
疯女人的舞会 WEB-DL版下载/疯美人舞会 / The Mad Women's Ball 2021 Le Bal des folles 8.4G,蓝光高清,09-21
白色上帝 蓝光高清MKV版/狗眼看人间(港) / 忠犬追杀令(台) / 白狗 / White God 2014 Fehér isten 14.7G,蓝光高清,09-20
扎马 蓝光原盘下载+高清MKV版/流亡将军沙马(港) / 薩瑪的漫長等待(台) 2017 Zama 17.3G,电影,09-19
我随身携带你 WEB-DL版/Te Llevo Conmigo 2020 I Carry You with Me 8.2G,蓝光高清,09-19
阿帕鲁萨镇 蓝光原盘下载+高清MKV版/大西部 / 阿帕鲁萨 / 种马 / 铁腕豪情 2008 Appaloosa 22.5G,电影,09-19
哭泣的男人 WEB-DL高清版下载 2021 Cry Macho 13.1G,电影,09-18
燃眉追击 4K蓝光原盘下载+高清MKV版/迫切的危机(台) 1994 Clear and Present Danger 65.8G,4K,09-18
小人物 4K蓝光原盘下载+高清MKV版/ 杀神NOBODY(港) / 无名弑(台) / 无名小卒 2021 Nobody 61.4GB,4K,09-16
爱的后事 蓝光原盘下载+高清MKV版/當愛離開時(台) 2020 After Love 26.1G,电影,09-15
堕落天使 蓝光高清MKV版/Fallen Angels 1995 墮落天使 13.9G,蓝光高清,09-14
燃情迈阿密 蓝光原盘下载+高清MKV版 2008 Dostana,电影,09-13
世界新闻 4K蓝光原盘下载+高清MKV版/结叛同行(港) / 读报人(台) 2020 News of the World 60.2G,4K,09-13
南营洞1985 蓝光原盘下载+高清MKV版/野蛮的时代 / 国家安全 / National Security / Namyeong-dong 1985 2012 남영동 1985 43.9G,电影,09-12
阿洛伊斯 蓝光高清MKV版/寻爱侦探阿洛伊斯(台) 2016 Aloys 6.6G,蓝光高清,09-12
密室逃生2 WEB-DL版下载/密室逃杀2 / 密室逃杀: 幸存者游戏(港) / 密弑游戏2：胜者危亡(台) / Escape Room: Tournament of Champions 2021 Escape Room 2 9.6G,蓝光高清,09-09
洛卡改变世界 蓝光高清MKV版/非凡小女生 / Rocca Changes the World 2019 Rocca verändert die Welt 12.2G,蓝光高清,09-08
医生在么 蓝光高清MKV版/医生速递(港) / 我出去医下(台) / A Good Doctor 2019 Docteur? 10.4G,蓝光高清,09-08
塔可夫斯基：在电影中祈祷 蓝光高清MKV版/虔诚者塔可夫斯基(港) / 塔可夫斯基：以电影之诗祈祷(台) / Andrey Tarkovsky. A Cinema Prayer / Tarkovskij Cinema Prayer / Andrej Tarkovskij. Il Cinema come Preghiera 2019 Андрей Тарковский. Кино как молитва 8.5G,蓝光高清,09-08
爱的盛宴  蓝光原盘下载+高清MKV版/爱情盛宴 / 浓情知味 2007 Feast of Love 20.0G,电影,09-07
妈妈和七天的时间 WEB-DL版下载/小咸 / 妈妈 / Mama 2020 妈妈和七天的时间 7.7G,蓝光高清,09-07
你觉得我是谁 蓝光高清MKV版/别问我是谁(台) / 你以为我是谁 / All That You Know / Who You Think I Am 2019 Celle que vous croyez 11.8G,蓝光高清,09-06
沉默之像 蓝光高清MKV版/沉默的眼睛 (香港國際電影節) 2014 The Look of Silence 14.7G,蓝光高清,09-06
私人战争 蓝光原盘下载+高清MKV版/第一眼战线(港) / 一个人的战争 / Marie Colvin 2018 A Private War 34.5G,电影,09-04
空白的13年 蓝光高清MKV版/爸不得你走(港) / 多桑不在家(台) / 空白十三年 2017 blank 13 4.7G,蓝光高清,09-04
豺狼的日子 蓝光原盘下载+高清MKV版/刺杀戴高乐/神探智擒职业杀手/豺狼末日/豺狼之日 1973 The Day of the Jackal 31.2GB,电影,09-03
玩乐时间 蓝光高清MKV版/嬉戏时间(港) / 游戏时间(台) / Playtime 1967 Play Time 10.9G,蓝光高清,09-03
谎言大师 蓝光原盘下载+高清MKV版/大说谎家(台) / 骗局谎情(港) / 好骗子 2019 The Good Liar 38.8G,电影,09-02
我们善熙 蓝光高清MKV版/我们善姬 / 那一年，我们都爱过的女孩(台) / Our Sunhi 2013 우리 선희 6.6G,蓝光高清,09-01
落魄大厨 蓝光原盘下载+高清MKV版/五星主厨快餐车(台) / 滋味旅程(港) / 大厨 2014 Chef 20.0G,电影,09-01
水俣病 蓝光高清MKV版/水俣 / 毒水曝光(港) / 恶水真相(台) 2020 Minamata 10.8G,蓝光高清,08-31
罗马假日 蓝光原盘下载+高清MKV版/罗马假期/金枝玉叶 1953 Roman Holiday 31.3G,排行TOP250,11-04
祖与占 蓝光高清MKV版/朱尔与吉姆 / 朱尔和吉姆 / 夏日之恋(台) / Jules and Jim 1962 Jules et Jim 15.5G,蓝光高清,11-02
距离 蓝光高清MKV版/这么……远，那么近 / Distance 2001 ディスタンス 12.1G,蓝光高清,11-02
九天 高清MKV版下载 2020 Nine Days 13.8G,蓝光高清,11-01
飞越苏联 蓝光高清MKV版/白色之夜 / 白夜逃亡 / 白夜 1985 White Nights 12.4G,蓝光高清,10-30
男人与鸡 蓝光高清MKV版/超科学怪鸡(港) / 鸡密真相(台) / 身世之谜 / 爷们与胆小鬼 / Mænd og høns / Men and Chickens 2015 Mænd & høns 12.7G,蓝光高清,10-30
养鬼吃人2 蓝光高清MKV版/猛鬼追魂2 1988 Hellbound: Hellraiser II 15.9G,蓝光高清,10-29
极盗行动 WEB-DL版下载/世纪大劫案 / The Heist of the Century 2020 El robo del siglo 7.1G,蓝光高清,10-27
东方 蓝光高清MKV版 2020 De Oost 18.5G,蓝光高清,10-26
再见溪谷 蓝光原盘下载+高清MKV版/Sayonara keikoku / The Ravine of Goodbye 2013 さよなら渓谷 43.7G,电影,10-25
钛 WEB-DL版下载/钛妙了 / 女泰坦 2021 Titane 5.2G,蓝光高清,10-24
我的秘密城堡 WEB-DL版下载 2003 I Capture the Castle 9.3G,蓝光高清,10-23
黑色1847 蓝光原盘下载+高清MKV版/Black 47 / The Ranger 2018 Black '47 23.0G,电影,10-22
静水城 蓝光高清MKV版 /斯蒂尔沃特/止水/静水 2021 Stillwater 28G,蓝光原盘,10-22
拒绝再战 蓝光高清MKV版/止损 / 强制返征 / 停止损失 2008 Stop-Loss 15.7G,蓝光高清,10-21
我是你的人 WEB-DL版下载/我是你的人类 / 定制男友 / I'm Your Man 2021 Ich bin dein Mensch 2.9G,蓝光高清,10-21
卖梦的两人 蓝光高清MKV版/不道德的夫妻(港) / Dreams for Sale 2012 夢売るふたり 13.1G,蓝光高清,10-20
摩加迪沙 WEB-DL版下载/绝路狂逃(港) / 逃出摩加迪休(台) / 摩加迪休 / Mogadishu / Escape from Mogadishu 2021 모가디슈 6.9G,蓝光高清,10-19
地下丝绒 4K蓝光高清MKV版 2021 The Velvet Underground 20.4G,4K,10-19
被遗忘的战役 蓝光高清MKV版/The Forgotten Battle 2020 De Slag Om De Schelde 5.2G,蓝光高清,10-18
惠特尼 蓝光原盘下载+高清MKV版/云妮侯斯顿：永恒的天后(港) / 永远爱你，惠妮！(台) / 惠特尼·休斯顿 2018 Whitney 29.4G,纪录片,10-17
真相背后 蓝光原盘下载+高清MKV版/完全真相(台) 2016 The Whole Truth 18.7G,电影,10-15
身在高地 4K蓝光原盘下载+高清MKV版/活在上城 / 纽约高地(台) / 狂舞纽约(港) 2021 In the Heights 86G,4K,10-14
成为弗林 蓝光原盘下载+高清MKV版/我的单身爸爸(港) / 衰城烂夜(台) / 烂城悲催夜 / 烂城衰夜 / Another Bullshit Night in Suck City 2012 Being Flynn 25.7G,电影,10-13
"逃狱三王 蓝光原盘下载+高清MKV版/霹雳高手 / 兄弟，你去哪？ / 兄弟，你在哪？ / O' Brother 2000 O Brother, Where Art Thou? 28.7G",电影,11-28
樱桃的滋味 蓝光高清MKV版/樱桃之味 / Taste of Cherry / Ta'm e guilass 1997 2.29G طعم گیلاس,蓝光高清,11-27
"倒数时刻 蓝光高清MKV版/滴答，滴答……轰隆隆 2021 Tick, Tick…Boom! 6.7G",蓝光高清,11-23
国王理查德 蓝光原盘下载+高清MKV版/王者世家(港) / 王者理查(台) / 王者理查德 2021 King Richard 40.0G,电影,11-22
"雷诺阿 蓝光高清MKV版/印象雷诺瓦(台) / 雷诺亚的缪斯(港) / Renoir, la Source 2012 Renoir 7.9G",蓝光高清,11-20
特工狂花 蓝光原盘下载+高清MKV版/失忆女特工 / 夺命总动 / 追命总动员 1996 The Long Kiss Goodnight 23.9G,电影,11-20
你自己与你所有 蓝光原盘下载+高清MKV版/爱上两个你(港) / 恋你非你(台) / Yourself and Yours 2016 당신 자신과 당신의 것 21.6G,电影,11-20
默片解说员 WEB-DL版下载/王牌辩士(台) / 电影辩士 / Talking the Pictures 2019 カツベン！ 9.1G,蓝光高清,11-19
花束般的恋爱 蓝光高清MKV版/她和他的恋爱花期(港) / Hanataba mitaina koi o shita / We Made a Beautiful Bouquet / I Fell in Love Like A Flower Bouquet 2021 花束みたいな恋をした 15.8G,蓝光高清,11-19
发条橙 蓝光原盘下载+高清MKV版/发条桔子 / 发条橙子 / 发条橘子 1971 A Clockwork Orange 24.4G,电影,11-18
夏洛特的网 蓝光高清MKV版/篱笆墙外 / 夏洛的网 / 莎乐的神奇网网 / 夏绿蒂的网 / Schweinchen Wilbur und seine Freunde 2006 Charlotte's Web 8.1G,蓝光高清,11-12
尚气与十环传奇 4K蓝光原盘下载+高清MKV版/尚气与十戒传奇 / 尚气与十环帮传奇(港) / 尚气 / 上气 / 商奇 / 尚气与十指环传奇 / 上气与十戒传奇 / 上气：十戒传奇 / 上气与十诫传说 2021 Shang-Chi and the Legend of the Ten Rings 58.7G,4K,11-11
良医妙药 蓝光原盘下载+高清MKV版/爱的代价(台) / 治愈药师 / 灵异妙药 / 特别措施 / 克罗利 2010 Extraordinary Measures 23.3G,电影,11-11
007：无暇赴死 WEB-DL版下载/007：生死有时(港) / 007：生死交战(台) / 007：间不容死 / 邦德25 / 007：没空去死(豆友译名) / James Bond 25 / Never Dream of Dying / Shatterhand 2021 No Time to Die 28.8G,蓝光高清,11-09
老亨利 蓝光高清MKV版 2021 Old Henry 17.0G,蓝光高清,11-09
合伙人 蓝光高清MKV版/从心出发的日子(台) / 企业风暴 / 公司的人 2010 The Company Men 10.6G,蓝光高清,11-08
荒岛惊魂 蓝光高清MKV版/孤岛惊魂(港) / 孤岛穷途 / 死胡同 / 坐困愁城 1966 Cul-de-sac 14.2G,蓝光高清,11-08
天降美食 蓝光原盘下载+高清MKV版/美食从天而降 / 美食风球(港) / 食破天惊(台) / 多云，有时有肉丸雨 / 天降小肉丸 / 天上掉馅饼 2009 Cloudy with a Chance of Meatballs 38.4G,电影,11-08
羞耻 蓝光高清MKV版/Shame 1968 Skammen 9.8G,蓝光高清,11-07
哥伦布传 蓝光原盘下载+高清MKV版/1492：征服天堂 / 1492: Christophe Colomb 1992 1492: Conquest of Paradise 38.5G,电影,11-06
芬奇 蓝光高清MKV版/生化 / 人生 / BIOS / 芬奇的旅程 2021 Finch 20.4G,蓝光高清,11-05
东京难民 蓝光高清MKV版/Refugee in Tokyo 2014 東京難民 19.7G,蓝光高清,11-05
路易斯·韦恩的激情人生 WEB-DL版下载/天才猫奴画家(台) / 路易斯韦恩的迷幻猫世界(港) / 路易斯·韦恩 / 路易斯·韦恩的电气生活 / Louis Wain / The Nine Lives Of Louis Wain 2021 The Electrical Life of Louis Wain 12.1G,蓝光高清,11-05
百战将军 蓝光高清MKV版/Colonel Blimp / The Adventures of Colonel Blimp / Leben und Sterben des Colonel Blimp 1943 The Life and Death of Colonel Blimp 19.2G,蓝光高清,11-05
